id,sequencia,ratio
21651,GAACGTCCCTCTTGTCTATGTCGAGGTGGCTAACAA,86
28684,AATACCAGAAATCGCGAGGCACTAGGTTCGGTGATG,35
6252,GTAGACTCACGTAAGTGACCGATTGCAGTAACAAGT,14
20830,CATATAGCCCGGCTTTCACCGCTTTAACCATTTCCC,34
7234,CTTAGGGCTGCCCTTCCGTGACGGAGGCGGTCCTAC,90
19505,TGGGCAGCACTGCGTCACTGTCGCATGTGCTCTTGT,21
1440,GCAACTTTCTCGCGCTCATGGTCATTCAAGAACATG,74
14181,ACTCCGATACGCAACCTTTGGTGCTGACTTAATAGC,89
11061,GGCGAACCTCGGAGCTGCCCTTGAACCGGTCTAGAG,35
4181,GTGTGTAGCTGTCCTAAGCGTATTATGTGTGTCAAT,67
9260,CAGTATACCATTGACAGCGCGCACTCTACGGGTCTC,44
22010,CAGCTCTAGGAATGAGGGAGGTCTCCTTTTGAGTCT,24
4835,CAACGAACGACCCGACATACACTATTTCTTCACACC,4
26634,CCACTGTACCCTAGTCCTGAGATCGGCGAGCCGCGT,35
12915,GAGTGCCCGAAACGTAGGATCTACTTATACTACTTA,85
20715,GAGAGGAACTCTTATTAAGATTCGAAACAGGGTATA,24
22841,TGGTGTTCGAAGCTTGTCTTCGTGTGTAAGACACTA,19
3849,GGCCCAGCAATAGTTACTGAAGATATCGTGCCAGGC,43
23704,AGCCATTCGGACAGAGTAGTTAGCGACCCCTGCGTT,35
22118,GCACTCGTCGGCGTTCATCAAATCCGCCCACATCAG,66
2808,CCGAAGATTGAAAATTATGCTAATCCTAAGGAATAA,65
2930,TCGTACCTTAGCCTAAGGCAAATCGTTACCACCTGA,26
12294,CGGTTATGGGGGGGGGCTGCCAGGACCTCGCGCGTC,25
3036,GAGAAAGGACCTGTTGATGCAGCTCCTTGTATGATA,81
4545,TCGTCGGACGACCTGCAAGGCCAGCCCCGGCCCCAT,55
16865,TAAAGAAATCAGTTTGTACTGACTCTGTCACTCAAG,60
27623,CGCAAGTGGTACCAGTATTTGATTCACTGTTTTCCT,50
21874,CTACCGGTGGACATCGCCACGGCCAATTAACGGCCA,21
7955,CCATTGGATTCTGGGATCGAACAGTGAGGCGGATCC,53
17499,TGTGGTCCCAAGAGCAAAGGTTGCGGGACGGGTACA,16
8791,TCGGAAAACGCCTTGTCGGAAGCCTCGCCGAGAACC,38
14457,AATAGTCTGGTGCTATTCCTTGTACCAGAGGAGTTA,73
29510,AACTTTGTCAGGTGGTTAGGGGTATAGTCGGGGCCC,61
21664,CGGTCTATCTTATGTTTGTAGATCTAAGGCAAATGT,0
2784,TCGGGCTAGTCGCCTCGATAAGCATTAATCTAATCT,30
28838,GCATACAACACCAAGCCTAGATTCATTTTTAGTCTT,29
13815,GCGCATTACACGATCGTCCCACGCCGGACTTGTCCG,32
3968,CAAGATTCCAGGGAGCAACGTGCCTACAGGGGTCTT,20
8389,AAATAGCCTCGGCTACCGCAGATACGTAGGTGGCGC,35
16303,ACGTGGATACCTCTAGCCATATACATCAAACTTCAG,18
14339,ACTTCTAAAAAGGGCCGTAGCATATCGTTCTAGATT,74
7199,GAGCGACACATTCTACGGTAGGGAGCTCTGTGCGAC,56
24150,CCCAGCATGGACGTCCAATCGTGACCCTGGGGTCAT,60
13299,GGTTCAAGCTATTGAACTAAGGCGGAGTCTAACTGG,55
14928,ACATCGAGCAGATGCAAAGCACAGTTTGAGTCAAGA,43
28830,TGAATGCTAGGCTAGCCGCGAGAGCTCACGGTGTGA,54
15709,TGGACGATGACAGTGTCGTGACTTGAGTTGGCCCTC,0
26517,ACACGCGGGAAACAATAAAGCGTGGTATTAACAGGC,43
11196,TTCCGTTCCGATTGGTGTCGTTAGATATAACATCTA,55
19613,TTCGCCCGTATCAACGATAAGGTATTCACCCCGTGT,57
5401,CTCCCTGACGCCCCTGACGTTCTAATAAAATTGCGA,58
20847,GAACGGCTGGTGCGAGAGCACTCAACCGCCAAAGAG,82
18402,AGCACGCGATGACTACGCCGCCACACCGTACCGTAT,59
7708,GATCAGCCTACATAATGATGGCCGCGAACGTGCACG,30
14433,CTGATAGCTATTCGATGCTTTAAACGTACTTTTAAG,9
27442,GTTGAGGCAGGCCATCTTCTACGAATAGAGAATATT,9
9899,ATGTCGGGCCTAAACGCTTAATTTCCAAGAGGCCCA,42
9356,CGCGGACGTGCTCGTTCAGGCCGGAGTCATCGCACT,71
15515,ACCGCGGAGGCCAAGAGCGTACTAACGCTCTGGTGA,50
6613,CTTCTAAACAGCGGAACTCCACAACTCCGTCGGGCA,17
7785,AATTGATGAGCCCTTTGTGGACTTGTCGTGGCGGGA,73
24555,TGTCACTAAACTGTTAGGCGACGTGGAAACACGTCA,92
1286,CACCACAGAGGTAATTTTCTGTGGAATAGGTCTTGT,95
7781,TCAATTATCAATGGTAATGTAAACGGTGGGGTTCCC,19
14819,TAGTTTAATGCATTGGGGACATTAGACGTATTTTTG,98
3718,GGGAGTATAAGTCCTAGTACTAATGGCTGCTAACGT,14
11394,CCTTCGCACCTGTGTTTATTGCGTTTGATTTATTAG,79
6208,GCTGGGGTTGAAAACGGGCTAAGGGCGGTGGTCATT,35
24243,ACACGGGGACAAATCGACAACCCGGTCTTTTTCACC,42
8789,CTAGGCAGAGCTTTTCGCAACCGGGGCTAACCATCC,35
28569,ATAGGCTATCTTTTGAACCTCCAGACAGAGGATCGC,31
3746,TGTCGAATTTTAGTTACCAAACCCAAAATCCCGACC,48
21584,CCGAACTTCGCAAGATGGTTCTGCTTCTCGGAGACT,96
19801,TCACCGTATTTATGTTTGATCGAACTTCACGTAGTT,22
21557,GGTTCTCCGGACTCCTGAGTGATACGGGTGTTGTCC,87
28321,TAAGTTGTGGTGGCGATTTATGCCAGGTGCCCGTTA,28
20043,CGTATCTCAGAATAAAGTATGGGATCATGTGGCTAG,61
15345,ATTTTAGGATGTTGTGCAATATCCCTTGACCTTTAT,71
250,AATTGTTAGTACGAACCCCCGAAAGAACTAACTACG,64
4377,ATGTTTTAAGTGACTATCCTGTCCAGCGGCTACTGT,47
28590,TAATGGTGCGACGGCGCGCCAAAGGCTAAATGGGTA,13
2920,CCGGAGGTTCGGAACGTACCCCGGTAAGCTTCTTTT,32
15878,AAACAAGGTTTTAACCTTTACTAGGTCATATACGTC,36
14013,CTGCCTGTGAAGAGTGCATCTTAGAACTAGTGGGCA,6
9336,TGTGTTTGCCGGATTCCAACTTGCTAGCTCGCTATT,97
12667,ATCACCGTGCGAGTACAGAGTTTTCCTGGGACTCAA,70
16605,GAAGCTTGAGTAGACGGTTCTGTCCTCTATGCCCGA,55
6042,CTGTAGGAGCCCAGCTACACACGGGGACGTTAATGC,74
8314,CACTATAGTGACCTACCGTTTAGGTACTAGTCCAGG,51
15427,ATGCTACCCGTAAACTATCACCTAGAAGCACCACTA,35
16384,AAACTACAGTTGCTTACCAATCTCCCACAAAACGTC,15
27681,CGGAAAAGCGGTTAATCCAGATCTAGGCGTAAGAAA,94
21250,TCTCGAAGGCATTAAGATGTCAATACGCCTGACCTC,46
3628,CGCCTCTAAGACGAGAGCGTGTGTGCATTCCCTTCG,49
22421,TAGCTTTCAACATGTCCAGAGGGAAAGCTTATGCAC,76
21124,TTCACCTGCCGCTAAACCAGTCCCCTTAGGGACATG,1
3433,GTTGCTTGTTTACAAAGTTAGCAATAGTTGCCTTAG,64
970,TACTCTGATTCAACGTTGAAGGGATATGCTACGAAG,36
14105,ATTGTGATACAAGTACTAGAAACCAGGAAATCTCAT,63
4704,ATATCTATAAATTGCGTGTTGGGGAAAGAGCGTCAG,85
20287,TAACCGAGGTTGTATGACATACCGAATGACCCCACA,65
14374,GCTGACTTTCAGCAACACCTAAAAGAAGGCCGAGCT,47
3745,AAGTATCATGCGCGGATTTGGGAAGATGAAGGATAT,18
25880,TGAACGCTCGGAAAGTACCTTGCAAGGACGGATCCG,48
2744,CTTCAAGGCGCGCAAAATCGAGGCTTCCTGGTCTTG,22
9185,TTCGGCCGATCGAATGATTTCACTTTGTTAGATGCG,75
6979,CGAAGCGTACAAATGTTAACGACGACTCATTGGAGC,89
773,TCCGTGTATATACGACATTACTATCGCGAGCTGTTG,89
19021,ACGAGAGATTTGAGGTGACGAAGAGTCGCGTTACCA,8
26102,ACTAGCGTTTGTGCCGCGTTGACGCCGTATCCTTTA,34
28193,TAACACACCACAAGCTATGTAGACTCGCTCAAAAGT,49
12481,AAAACACCTGGGGACAGAGGCTCCGTTCCGGGGACT,82
1897,GAAAATGCTAGGACCGTGCGATCACTCACTATTCGA,76
25807,ATGCCCTGTAGCGGCTTATTCTGGTCAACGCCCTGT,68
23813,CCGTGTGCTCCGCCGCGAACCTAAAGTAATACTGTA,15
27894,ACCCCCTTCGACCTAGCACGCGAAGCGATTCGCCCC,33
8105,ATGAGTGGATAACTGGACAGTTATGAGTGCTTGTCT,53
14771,CCAGCTGGCCCATCCTGTCTTGTTGTGACGGCCTAG,11
23813,TCAATATTAGATTGTTACTTAATGCTCATTCAGTCA,84
10237,TCCGTCCTGGTGCGAAGGTCGCGCAGCACGTTTTGG,57
23924,ACAGCTTGTCGTCAATGGCCACCAAAGCGGCATCCT,60
23222,TGTTCGAGATTCTGTAGCCAAGGGGCTGGCATAGCC,3
29298,ACCAGGGTTATGCGCCTCATCAGAGTGACTTAATGT,8
2075,CCATGAGCGAAGTTACTGGTGAGGCTAACCCGTGTC,68
18582,ACTCACCGCAAGGCTCCTCCCCTGAACATAGTAGGA,20
23737,CTTCTGGACACGTATACTTAGATGTATAGCGGGCTG,48
1505,TTTTCTTGAAGCAGTGCACATCCGGGTAGGCTTAGC,5
993,CCTGGCTGAGGATGAGGGGGACTATCTTATTTATCG,18
24576,GGCCGATTGTCCGAGCGACACATTATTCCCTGGTTA,95
6444,ACTAGATCGATAAGAGCAGATTAATAAGTCATACTT,55
25081,TAGTAGCCAGCACGGTGAATTGCTTACATTTCTCAT,32
27691,TGTGAGTATCCATACAAAGCATATTACAAGTTGGTT,9
1496,GTCACTCATTCCCATTAGAAGCCGCGGACTCTTTAT,92
14317,TGGAGCCGTTCTCCTTTTTGTTATCATCCGGATCGG,9
15987,ATTAAGGCCCGGTGTGTGTTTTTCAAACGGGTTGAA,100
13713,TTACGCATGCTACATTGTTAATAAACAGGCCCAGAG,39
27468,TCGATGTGCGTTAATATCTATACAAGACATTCATTT,26
9518,AAGCGCGACGCTCGAAGAGTAACCTCTATCGAACAC,59
1882,GTTCATTCCTGTGCCGCTGCAAATCACCGCCTCCCT,96
13532,GCCTAAATCCGTAAATCAGTACTGATCTGTGGCAAA,0
19813,AACGATGACGTAAGATAAAAACACAGTGAGAGATGT,19
19291,GTATAGGTTAACGTCTTTCAAGGCACGGCTATATCG,14
327,ATCGGGAGTTGTCTGCTCGTTTTCCGCAGGCCTTAA,43
23237,ATTCGCCGAAGCCAGAAACGCAAGCCCAATAAGTAA,23
24021,CAGTTGGGTACGAGTGACTACCACGCTGGAGTTCAG,67
27359,ACATCACAAACAATGTCTGTTCGGCGGCCAACGAGG,100
27681,GACACCGTTACTAACGCAGCGGCTGGGACCTCGCCA,18
15523,GTAGAGACTAATGTCGGGACCGGTTTTATAATAACA,10
17646,CTCCCACCTTACGACATGATCTCTGGCGGCCTTTTT,24
14323,TTCCTGATTCATTCATGCGTCGCCACCCGTGCGGCC,95
29022,AATAGCTTTCTGCGTTGCGAAAACATCATCTTAGGG,94
28225,AGCCTCGCAGCCTGCTCTGTCGAAGTGACCCGCGAA,43
13219,CACGACAGCCCATTAGTTGGATTTCGGACTGACCTA,79
18017,CCCCCGCTTCTCCGCCGGCCGGGCCTTACATACCTT,64
6950,CCTGTGGCCGACTGTCGGGTTTGCTCGCGGGGCTAC,90
1131,TTGTAACGGCCGTTAGTTAATTAGCCCGCGGCCCTG,33
21784,GACCCGGAAGTAGCCAATTCGTCTTAAATCTAGGGC,6
2318,TCTGTTAGAGCCACGTATAGGACAAAGTAACCTTTG,73
4634,TCACGATTAGTGACGTGCCCCGTCTTAAATGGATTC,46
23273,CATATAAACCAATGTTATGGCAATGGATAGCCGCAA,48
16159,TGCTCCAATCCCCGGCCGTGCCTGTTGGGCAGGCGT,45
20371,GACTTGCTTCGGTACAAGATAACTCTGGCCAAACCC,3
25937,CACGTCCCCAGGATGTTGGTTCCGGAAACTGTCAAT,50
10452,GGCTTCAACTATTAAACGCCCCCCGGAAGCCCGATC,47
10521,GGCATATGAATCATGGTTGGCCAAGTCTCCAAGGTA,18
25711,TATCATCTTAGTAATGCTGTCGACGGGCACGCATGT,50
12982,GATTTGACATTTGAGCCATGCGCGTTGTTACATGCT,84
211,ATTCCGTCTCCGCAAAAGAGCACTCTCGTAGTCATA,100
20415,TGAACTACTTACCTACCACTCTTGATTATATAAGCC,95
12260,TTTTGCTATGCTCAACGAAAAGCTAAATTAGGCCAT,59
9013,GCATCATCCTCGACGTAAATAGCTACCAGGCGGATC,64
8971,TCGAGATACTGTACGGCCCGCTCACCGAACCAGGAC,67
4799,CCATATCTTAGTCTGCCATTATCAGCATCGTCCAGG,71
1677,ATAGTTCATTATACAAGGCCGCCGAAGGTACCGAGT,14
11886,GCAGGTCACTCCTTCCAACCGATGTTAGATCAGAGT,1
23586,TGATTACTGACGACCTCCGGTTCATATGTGCACTTG,80
19205,GGCAGCGAAGGTCACTACACCTGTCTGTTGGATGCG,14
4031,TGGGAAGTTCAAAGCATTTAGGCTCCCTTAGACTCG,6
21069,GATAAGTTGGATCGGCTTATCTAGCGTCTAGTGCTG,10
17007,TGCAGTTTCGACTTGTTCTTGAAAATGATCCCGATC,43
6649,GAAATAGTAAGATGAAGATTATATCCGTCACTCAGC,97
25280,GCATACAAAATTAGGTATTCGGTTGTCAAGGGCGTC,42
8469,TAGATACCAAATTTTGCACGCCTTTGCCCGATAACC,18
5318,ACACTATTACCCAAACTGTGACTGCTCGAGACTGCG,30
10357,CAGATCATATTCGCTCGCTGATGCTCGGGTCAAAAT,8
22528,CTGGTCGATATAGAGTACGACCTCTGTTCCGATTGT,55
969,GTTGAGCAGCTCGCTACAAAGTACCACTTTGCTTGA,75
20837,GGTCTGTAGACAATGCCCTCCTTGAAAGGCTTGCCA,74
9938,CGGCTCTTATCACAACCCGTTGATGTATCGCAGTTA,38
15543,ACGTCCGTTTCGGGTTGTACATGCCACTTGCGTTCG,45
20007,TTTTTAGCATTCAAGTAGTCTATTATGATGCTTGTC,61
3538,GGACACACGCTTTACTCGGTCCACTTCCAGGGTGCG,57
85,CCTCAAGGACTGCTTTACCCTGGACCGATTGCGTTG,51
504,TTTATAGAAAAGCGCGGGGGGCCATAGCGGATGTTC,62
21055,CTGTAACTGGCCATGAAAGTTTATACTATATAGCCG,48
10497,TTCTTGCGTCCTGGGTTTTAACCCGGCGAACCACCT,53
8420,CGATCTAAAAGACCTCTTTAGAAACTCTGGCCGGCA,4
9458,TCGTATGAAAGGATTAGATATCGATCAAAGGACGTG,91
13347,TAGCCGTGTCCATGAGTCGCTGAGTCGCACATGAGG,43
10607,CGTCATAAGCTCCAGTACAGCATCACAGTGTTTTAG,73
26570,TGTACAGAAATTAGATTCGCTGCTACATCCTCTCTT,84
6467,ATCTTCGTCGCAAACTTCGCGTGAATAACAAGGAGA,15
7712,ACCTCCTATCCTAATGCCGCCCGGAGGATTAAGATG,31
9269,ATGCCACAGCTTGCTTGTCCATACTTCGTGGGTCAA,29
16095,AAAGGCAGGGTGTCGTTCTGACAGTGAGAAACTAAG,45
8914,GGCAGTCACGTTTGTTTAAGAAAAAGGCAGATCTAA,75
17863,TCACCGTTATAGAACACGTTCTAACAGCCTTACGCG,9
25312,CGAAGAGAATTAAGTGGGATGAATGTATACCAGGGT,6
8344,GTCTCTGCTCACATCAACTTACCAAGATACCGGTTA,3
19953,GACATGATTCGTAACCACCCAACAGAAATCGCTCCG,24
17982,ATGGAAGTATTTTTAATCCCACCTACCATAATGAGC,56
19839,CTCTGAAGCCTGTGAGGTCTAGTCGACGAAATTCTG,10
24870,ACCGCAGTTCAGACCAAGGGTCACTACGACTCAGTA,95
25567,TGTTTCGCAGAGACCATGAGTTGTTTCACATTGCAA,73
6977,ATATGGTTCCCCAGAGTTGCTTGGCAAGATCTGTCC,85
4247,TACCAGCTAGGTGTCAGATACCCAGTGGCGGGTCAC,38
2476,ACGCTAAACGCTCAGGACACGATGGCCACACTCTAG,2
17229,TCCCTGCGCCCTATTAAGATGCAAGGTCGCGGTGGC,68
7235,ATAACAGCCAGTTCCTGGCGACTCATTAGAGCCGCG,92
22141,CTCTAGCTGGTATCCCTACGATGGTTAGCTATGCGT,71
4522,GACTGCTGGTCAATGGAATACGCCCGAACCAGGATT,36
8626,AACCCCCGCTACAAGGGGGCTGAATACCACGCCTTA,30
13238,TTTAGGACAAGCCTTGCCAAGCCATTTCCGGCGTCT,74
7364,TGAGCGCGCCACAGGTAGTGTCGCAAGCGTCCTACG,13
17568,TCGCTGTGCTGCTCGAAACCAACATTATCGTCCATA,93
22427,TTAGATCCCTTTAGAGGGTAAGCGTCAGCAGGCAGT,71
2896,ACAGTGCCTATACCTCTCCAGCTAACGAAGGGGTGT,86
7877,ACATAGAGGCGTTGAAAGACGACCATGGCAGTCCTA,5
19975,CCTAAACATCTAATAATGAAGGTCAATCGGGACCGC,35
582,CAAGCGAGCGAGACCTATAGCCTGGCTTCGAAGTAG,47
11941,GTACACGAGGCCTATGGAGAGCGTAAGTTCTTATCA,74
12713,TTGTCGTAATTCCAACACCCTTGTTGAGTTGTAGTG,83
26553,CGACAGTTTTGCAAAGTCCGACAATGCGTATCGCAT,83
19106,AAGTACATTATCTTGTTACTCTCTTTCTATATCGAG,28
9228,CTCTCGATACCACAACCACGTCCAATTTAGACGGCC,82
6724,GGTCGCCGGTACAGTTCTATTCTTCAGTGCGAGGAA,86
869,GTGCGGTCGAGGTTCCTTGGACGGCCATTGTATGGA,89
25857,CTAAAGCGTCGTAATGATGAGTATACGTCCCTATGA,91
8317,AACTATGGCTGCCGGCAGTGTGAACAGGCTGACTCC,42
15361,CCCGCGCTACACGCCAAGATAGGTTTTGGTAAGGGC,11
14298,GTTTGGCAGGAGGCTAGCCGCCCGTTCACAACTGTA,44
7245,GGACTCCCACATTAAGACAGATGCCACGGCTCGGCT,49
18161,TTACCGAACTACGCAAGCTTGCAGACCGGTTCGAAG,76
29207,CTCATGAATTAAGGCTCTCAGTTGTGGCATACGTCC,72
18443,AGCCACTTTAGGGAAGGACGACACTGTGCTCACCAC,49
27388,AGAAACCGTGCTTCGGCGTTCTACTTTGACCCCCTT,4
13270,AAGTTGAGAAGGTTCGGATATCCATTTTGCGCCGAG,74
5483,ATAGACGACCAGGAAGGCTCTCGGCCGGGGCATACG,18
15007,CCGCCTCTAAGTGTGGAACGCATCGGGGGGCGGGTC,23
10663,ATCCCGCTTGCCAAGGCTATGCTGTCAGTGAAGCGA,63
21189,GGTGGCTATCCTAGCTTGTAGTCGAGACGTTGGGCG,44
1267,GCGAACCGTGTACCTGCCGACGTCCTCCCGTCGTAG,15
4722,ATTTTACACGCAGCGTCCGTCCCGAGGTAAAAGCCG,62
16140,ACTGTGCAGTCCTGCTGTCCAGGCACTTACATCGCT,51
12664,TACACACTGCCGACAAATGGCAGGGGTTACTCAGCT,24
20641,CTCCCTATGTACCCGTCCCACAATAGGTTATTGCCA,95
4443,CATTCATCCTCGAGTATTCCTCGGTGGAGAAAATCC,46
19876,GTAGTTGCCCCTAATGATAACTGCTTTGCGTCAATC,40
7310,CTTGAACTGCTTCAGGAAACTGCACAAACTGACGAA,12
5497,CATTAGCACTTTTCTAATCGTCCTCGAGGACGTAGC,19
9003,TTACATCATGGCAGGATCGAATCAGAAACCCTTTAT,75
28544,AAGCCTGCGGTGAGGAGGGTCGGGAATTAGCATTGA,43
5176,CAGTGAGCCCGTGGCGCAAGAGCCAAATCTGGTTTA,55
17236,TTCCGTGATTAATACGCGAGGGAGCAGCTATGAAGA,36
21934,TCTCAACATGACTCGTTCGGGCTATGATGTAACTGA,70
5373,GACGACCCTCGTCACTGAATACACTTGGTAGATTGC,68
22024,TCTTGAGACATGGTCCAATCGCGCCTTGGAGAGGGT,3
4064,GCCCACGACCCGTTGCCCGGCCTGCTGCAAGGTCAT,96
16651,ATGACGCATGGAAATATACCTAACCTTCTGTCTGTG,69
26873,TACTAGCACATTCACTCAAAGTTACATCCCATGCTC,13
3695,TAGAACGAAGATGCTACATGGCGAACTATCTGCCGG,22
26147,GCATACTTTTCCCCATAGAGCAGACGTTTATGCCTG,64
27202,ACGACAAGAGCCCTACACGTTCTTGTTCGGAATTCG,24
16330,CGTTCTCAGCAAGGCACGAACAGATAATTTTCGTTT,54
2395,CTGTGGCTACTCGATCGGCTATATTGCGTCTACGGG,11
18310,ATACATTAGCTCCTCCAGTAATGCCTAATTTTCTGG,74
5196,GTGATCTTGGTCGATGAAAATAGTACGCCTGCCAAC,52
27539,AGACCCGTACCGCCTTGGTCAGGAACATCAAGCGCT,70
15278,GCTGCTCTATACTGAATCGAGGCAATCTTAGCTTGT,79
7545,GTAAGTTTGGCCGGCGGGAAGGAGGTGAGGACCTGA,62
16987,GTAGCGTGGATCCTGCCTTTGGCACGCTCGTTGTAC,5
19752,AATTTTCTGTACACTAGCTGTGCGTCCCAAATGGAT,76
3150,TTAGCCAGCCATATAATTTCATTATTGGGGTGTAGT,67
29,GCGTACACAATACAATACGATAAGTTAACTATGGCC,12
12742,ATGTGAAAGGCTAGAATTCACCTCATTCGATAGTGT,79
22327,CATCTGGGAATACCGTGATTGAGGTCACCGGACGGG,94
14664,AGACCGAGTTAGCGAGGCGTCTCGAGTTACAAAAGG,33
19886,CCGCGATAAATAACTAGCCCAAGGCAGGGGAGTGGC,93
26477,TATCTTCAGTTACATCGAGGTATAATGGGTATAGTA,51
5040,TGCAATCTCCAACACGTGGCGGAAATGCCTGAATCG,54
18849,ACCCACGAGGAAAGAACTTCATGCCCCTTTACAGGC,26
9427,CACCGTCGGTTAGACGTCCAGGGTATCCCTTTTGGA,53
23668,ATGGACTTCCTATCAAAGGACCTAGGAGTGCGGAGG,33
7553,ACATCTAACCACATAATCTTGTTATGAATCCTCACC,21
16333,AGTACACCGGTTTTCGACAGCCCTGTTCCTTTCTCG,11
28084,GTCTACTGCCGGAAAGGTATGCGTCCTTGTTACTTC,36
544,CTGAAGTGAATCTTGAGGTTGCCACTGAGGCTATCG,73
8995,TAGAGCTCCTGATATCTTGCAAGTGTAGCGTTAGCC,87
17099,TCTATAAAGACAGACGAGGCTATACCGGCGGGCTAG,44
24764,CCCATGTTAACCGATATGCGTATATCGAAGTCACAT,89
16647,CCCCATAGTACAGTACAGCCTGGTCAATCCGAACGA,36
16156,GCGGATAACTCCCCCTCTCCACGGTTTAACTCAGCA,65
20135,ACGTCGGAGTTCCCGTTAAAGTAACGCATTATTCCT,79
25867,ACTACAATATCTTCGGGGGGTGACGTCGTCTAAAGA,10
29786,GCCAACGCCCCGTGCACTAAGAAGTTCATGGGGCTA,72
16247,ACAGTTGCCCCTGCTAACCAGAAATCATTTTTTGAC,94
17830,AGTGTTCCTTCGTTTGCGCGGGCCCTGTTTTGCCCC,81
28669,GCAGGAAATTACTTATTAGTGTGTTACGACCATCTG,64
9959,AATCATAGAAGTAGTAGTGGAATTTCATCGGGATCA,18
17718,ACTCATCGAGTTTTGTAGGGGACATGTATGATCTTT,20
25460,ATTGTACATTTCTACGAGGCTAGGCCGCTCCGGTAA,67
7313,ACCTTAGAACCCTTATAGTGTCGTTGGGATGGAGGC,11
6370,TCGATGAGGGTTATTGGGTGAATGGCCCGTGACAAT,10
20111,GCGGGTATGCAGAGTCATGGCAGAGCGACTCTGTGG,26
23621,TGGTCTGCTGGCATCCGACGATAGGTCTTATTGAGC,89
26138,ACGGCTACCAAAAAATGCTCTTTTGAGGATTGATGA,94
29118,GTCCAATTAATCCGAACACTGCAGGAATCTAGCAGC,12
1411,TCCAACCACCCTTATAAGAGTGATAACTTCTAAATA,16
8967,GAACCTATCAGATTGCGAAGCTAGAGACACGCCATA,56
12556,AGAAGTGGTGGCTCATCTTCTGATTTGTCATCTTGG,29
4683,TCCACTGTTTTATCCGTCAGCTAGGCAGGAGTAGCC,64
18884,TATTGTCTCTCCAAGCGCGCTACACCGCGTCACTGT,90
26083,AGCAGCTTGACCGAGTTCAGATCCCGTGGGAGCTTC,30
9217,GTAATGTGGCAGAGACAAAGCGTAAGCAGACGCTCC,20
11795,GAGGAACCCTACTACTTCCGGAACACGGTTTCACTC,18
16877,CCGTATGCGTCAAGCGATTCGGGGGCCAAGATGCGA,47
872,ATCCGTAGGTAACACCCCCGCTTATGTCCAATAAAA,67
22685,CCCATCGCCGTAGACTGACCCATAGGAAGTCGCGCA,90
21787,ACTTATGTGGAGTGTGACTCGAGCCTCAGTGGATGC,28
22555,TGACGTGGCACTGTCAAATTCCAACCACGTATAGTG,25
13291,ACCATCAGCATGAACGTGATTGTGTCGAGCGTTTCT,76
3353,GTAGGTCAGGAAAACGTATATGGGCATTTAAGTCTA,76
25052,ACAAGCAAGACGATCATGATGAAGCTCTCACATCTA,81
8041,GAAACCGCCGTTCGTGATCTTCCCCAGTACAGACCA,45
4786,TATGTGGATACGGTTCCGCATACTTCGCCTATTATC,10
18815,GCACATGTCATATTGAGGTGCCTCTTTCTCTGCTTC,76
22676,TCCGATCGTCTCGCCATCTGCGCGACCCCACCTAAA,13
24961,CTGAAAGACTCGTGCTGGCATTGTCACTACAATACA,14
23285,TCCTAGTTGTAGTTGTTCTACCCCGGCGTCGTGTAT,39
438,AACATCTTACCAGCAATCTCGCCAACAACAGCCGGG,96
29878,ACGCTCGATAAACCTGCTAAGGTAGAGCGTAACCCA,42
24843,GTCATGGAGAATCCTGATAAACCTACGGTATTCGAT,41
16105,TAGTTTAAGGGCGCCCGCAGCTCGCCACATATCTAG,35
10339,TATGGAGCTCTACCTTCAACTAAGGCTCTGAGCTGT,68
5340,ATCTTAGCCATCGTTCTCGCTTTTATCAAAGCGTAA,91
16363,CGGTAGACCCTATGTGAGTTTATGAAAAAGAGGGTC,29
18607,AGAGTATTAAATAATCGAGGGGCGATCTTCAACAAC,90
3520,TAACCACCACACCTATGTTACAATCCCGCATTCTCT,27
18030,TGCCGATTCCGTGCTGAGAGTATTCCAGGGAGAAAC,11
17912,TACATGAGTTCTTTTTGATGGGGGCACTCTAGCCAG,64
3967,GGAGTGGGGTTTACAGGATGCACAGACTAGATGTAG,44
17359,GAGTATAGCGACAGAAGCAATGTCCGCCCCGATAAG,63
10635,TTTATTCACCACCGATCACGTTCGCTGGCATGCCCA,21
21453,CACAGAACCTCGGACTGCACCAATAAATGGTCGTAA,15
16908,GTTATCGCCACCGGCCTAACATGGCGCTCAACGCTC,95
18205,GCTCGCACAAATTCATACGAAAACCTCAGTGGTTAC,94
26180,TACTCAAGGCTATGATCCCCCTTGGATCGCATCAAC,2
11159,CGACCGATGGTTAAACCACATGTTCCGTAATCGATA,24
21745,TGTGATAGTAGAACGTACACTGACTTCCGGCCATGG,7
22298,TTAACGGGCTCCTGCCTACCTAGGGGGCCAATGTCC,20
1957,CTCGGATTTTTCGGATCCGAACTTAATAGGACAATT,41
27792,GATAGCGACGGTGCATAGATCTCAAATGACGTTCCC,25
12598,CAATACCCCACTACCCTTTGAGTGTCCGTACAGACC,51
5730,CATCAAACATATGTTCACCAATTCACGGCAAACAAG,61
12361,TATGTGGCTCGGCTAGGGAACCGTACTTGTTTCCCA,96
7310,TGCACCATAGACTGCAAGGATCCTATGTTTCAGACG,42
11114,TGGCTCAACGCATTAAGGACAGGGAGAGAAGGATCT,39
25693,CAGGACGAACTGACCTTCGGAGACTGAACCTACGTG,78
19717,TCCGAAGATTCTCAAAGTATACACAGTTATTAGGGT,33
29679,GGAGTGTAGGGTTGGACCTGTCTAGTCCGTGATGAT,63
4563,CTGCTCCATTCACGTTACTAAGAAAACGGCAGCCTC,37
22720,ATGCGCGGCAGAAACTGTGTATGCGTAGTCCTTGCT,43
29729,TAAATACCGCTTGATATCTTCCCAGAGGGAATGATC,60
1359,GGAGTGAGTTTAATGTGAATGAGACCGGTGAGTACA,55
4656,GAAGGTAGTGACATTCAGAGGACCCCATTAAGAACA,74
11164,CGGCGCGTAACCCGACCCGGTTTCCCATCTCCTTAC,0
25624,AGGTCTGAACTGAGAGATCAGCATCTTAAGCAAGCG,43
22447,ATCGGCTCGCAAATATTGCCATGACGAATGAATAGC,2
24925,ATGATGGATACGTTGGCTGAAGAAAAAAATTTAGTT,59
22625,TAAACCCGCCTCCGTTAGAGTATGAGGGAGGCAGAG,26
22617,GACCTGCGAGTGCTCATTACGAGGTCACCTACACGA,0
26956,AAAGCTCCATGTCCCCGAAAGTGCGGCCATGTACTG,69
22034,CCCTCTAACCCCCAGAATCCGCCTAAACAGAGGGCA,8
14567,CAACGTCCCTCACTACGTATAAGTTTAAGTTGTGTG,99
21775,CCGGGCGTCGTTCCTTGGATGAAATCGTGTGTAATT,96
22192,TCTTACTTTTCAGAGACTACAACGCGGGCCAGAACG,10
3862,GAACGAGGATACAAACGTCAACCGTATCCACCTCAC,17
23836,CCAAGGATTACGAGAATCCCTAGGTGCTCCCGCTAG,23
9904,ACAGAATTCATTCTGGACTGGTCGCTACGGCAGTAA,77
10726,TCGACGTTAGATACGCTTCGAACAGTAAGTGGTCGG,99
4709,CCTTGGTTGTGACCTATCTTTACTGTGACGTGGATT,41
12321,ACTGCGACGCTGGCGTGACTGCTCGCTTCGCACTGG,72
9544,CACGGGGTATGCTAAAGACCAATACCATGGTGGATA,45
5923,AGCAGCAGTGATGATCCCACGCTTTTTATGGTTGAT,33
25484,TGGACTGGCCTCGGAATTGACATGGCGACCGGGCAT,64
29475,TAGTGATCATAGGCACAATTTTCCGCGGGAATAAGC,43
10682,CGTTTTGTACTCAAATCACTAGTTGTCGAATGCATG,34
19511,TAAAGCACCGCGGAAAACTGGCCACCAAATACCCCT,40
14219,TCGCGTGCACAGAGTTTCCCACGACGATCGACAGCT,75
3921,TAGTGACGACGTGCCGGAGACCAGTTAGGCCTCCCG,35
13280,TATTCCTTGAGGCTCGCGCCCGGTAAGCACGCAACT,33
27159,TCCTGGCGCTCGATCTGCTACTATACGGCTCAACAG,99
29764,TACAAGAATGAGAGACGTGTCTATAACGAAGGGTCG,82
13878,ATCCGGGGGGTCATTCGGCCACACGGCGGTAGGCTG,6
27227,GATCTGCCTGCGCGTCGAGTACTGATCCAACAGACC,7
15552,TATGCGGGGGCGGCTCGATCTTGGCGGCGAACGGTA,34
19012,GCGTCAACTCTTCCCATAGACATTAGGATAAGGTGG,22
3626,CCTGTTTTACCGCGTGGTGAACTTGATGTCACCTGA,59
3806,CATTCCATTGTTAGCCGAAACACTGTTACGTCCAGA,76
11934,CTGTAATCTCGAGAGCGTTAGCTGCGTCAATCGCGG,78
25515,CCCTACGAAAAAAAGCTTAGCGATAATCCGTAGATG,59
20743,TTCAGAAACAAGGTATTCATATGCTAACTCATTTTT,58
10285,AGCCACTAAACCTCTTAAAAGGGAACATGACGACAG,49
4590,TACCGGTTAGTGTTGGAACAACTTGTAAGGATCGGG,71
4826,AAGCGGAAAATGCCTACGTTTCGGAGCGCTAAGTAT,72
16330,CCGTTGATATAACTTATTGTCAGTCATCACGTCGAA,96
6730,GGGGTACTCCACGTGTGAAACAGCTGAGTATCACTA,57
251,GCCCCTTGATACCCTACCGATATTTTCTTCCAACCG,66
19434,TATACAAGGTGACGTTGTAGCAGACGTCTCAATGTC,80
27968,TAGATTACCGCGTCACTCGTTGTCCCACTTCCGTAT,36
1649,GTTCATAATGAATGACGTAAAATCGCGAGCGTTTGT,10
21902,AGAAGGTCTACGCATTAGGCACTCGAGAACAAGTCC,73
3636,GCCTAGTCGCAATTATCAATTACCTCGGCTCGAGGA,54
12610,GTGTAGATGTTCACGTGTCTTAACCGATAACGGTTC,24
20551,TTCGAGCGCAAGCGATGATTTAGCGATGAGCAACTA,60
7952,CGGGACGCCTTTATCACTCAGTGGTCATCGCCCGTG,17
6196,TATCTTATTCGGGGGCTTCCGGACAAGCAGAGCGGG,7
14163,TCCTACTTTTAATATCGAACATGGCAGCGTATAAGT,33
19048,TGCAGTCCCACGAGCGTCCCGTATACTCTGATTGAG,66
1268,CCCCTATTCCAGGCGTCATCCCCACCCAACGCTTCG,31
26149,TAAGCTATCCAGGTCTAGGTGCTCCAAAACTTTCGG,71
7955,GTGTTGCAGAACATCCACCATGAAAAACCCGTTTCA,76
29575,AGGGATTCAAGAGGATTCACACAGACGGAATACCCG,93
4025,GCCCCTGGGTTTTTTTCAGAGGCTCACCGAGAGGGC,100
4596,GACTGCCAAAGCGAGAAGACCACAGCAAATTTATTG,96
1845,TCTTCCTTTGAGGGCTGCAAACAATCACCCTTTCGG,19
28344,CCCTCTTTGTGCACTCGGGGCTTCGGGAACGTGTAT,82
21865,ATACTCACTTGAGCGACGCGAGTGCTACAGCGGATT,12
2848,AACGTCGGCGCTAGGGTTACAACGGGAAATCCGTTA,31
21174,CGTGAGAGGGTTGCATAGGCGTAATCTATTAACATA,78
6636,GTCGCACACTGAGGGACTAATAGCGCGATTGGAAAG,62
18338,TCGATGTCCAGGAAGTAACCAGATTTATAGTTTCCT,9
4756,CCACGAGAGGAGCCCACGAAGACTCACAACTGTGCC,81
2310,CCGCGTGTTCATTCGCTTCGGTAAGGTAAGGATTGT,54
18023,TCGCATAGATAGCGGGCTATGCGTTGACTAAGTTCT,21
18092,ATCTGACTACGTGATACCCAACATATAGGGTAGCGG,15
18603,TAAACGCGGTAAGCCGCGGCACGTATTTATAAACGA,34
16987,GAATACATAACAGCTCATCTTCACGACACCAGCGGC,78
10623,GGAGTTAACATGAAATCGCATAAGGGGAGTAAGCAT,35
4806,TTAGTCCTACACGTCTCTGTCATCCAGCCCCCAATT,100
21382,ACACCAACTGAGTCTACGTCCCTCTTCTGTTGAATA,8
27188,GAATCGCACTTCAGTTATTATGGTAGGCGGTGGGAG,53
11002,TACGGCTTTTCTGCGACGTAATCAGAATAAACTGCT,14
17323,ATAAAATGGGTGGTAAAGGGCACAGTACGCGCTGCA,11
15831,CACCTCTTCACAGCCACGCCCAAAAGGGCGAGGTAA,74
27788,TAGACCTAGGTCGGGCACATTAGGAGGTGCTAATAT,98
3804,AATATTCAAAGCCATTGTGCGCTAAATATGTTGTTA,52
14980,AGAGAGACGCATACTTCGGACGTCTTCCTTTGTGAT,71
28073,AGCAGCGCATCTTCCGGTAATAGAGATAGGCCGACG,35
1674,CCTTCTCTCATTTCCACGCAAATCTAAACAGAAATA,62
28732,TGGGGCTAATCTATAAGTACTATCGGGCGAGCATGT,42
20592,AATGTCTGCCAGGCACCCGATAGTGTGTGCCGGACG,23
1204,ATTTTAGCGTTCGTCTGTGAAACAACGACTTGGTCT,88
19596,GAATCGGTAACAGAAGGACTTTAGATAAAATGCGAG,48
3965,ACCAGAATATCCCCACGTGCGAGTCGAAGCCCGCTA,28
7077,TAAGTTCTCTACTAAAACCCTGACGTGCCCCATACA,76
27691,TGCATCATATCGTAACCACTGGGGTGAGGATAGTTT,74
14440,TCTGTTCCCAATCCCAACTAACGGTTTGGCACCGCG,66
22615,GCAGAGTTGAGTGTTAGAGCACACTATTTTTGCGGG,94
21205,TAGGCCGTTGGAGCAGCCTCTAGTGCACTCGTATGT,90
20923,GTCGGGGTAGCTATTCTAGAGTGGCCCGCTATAGTA,17
27183,TGCTTCAGACGGATGATCCTCCAATGTCACCTGTCT,90
16345,CGCGGCTGGCGCTTAGACTGGACGGGCGCATTTGCA,0
25428,CAGACACATTTCCGATGAGTTAGCGTTCGATGTCGA,84
3778,AACATATCGAGCCCGAGGGCATTCGCCGTAAATCAC,4
19229,ATAAAGAATGTCGAGAGGGAGGCAGTAGTAGTGAAC,17
27714,CATGCGAGCACGGGTCTTACCAAGGTCTGTCCACAT,44
26286,GCCCATTATGCAATAAGCCGTTAGGCATTTACATCG,74
9541,CTATGTTCGGTCCAAATTGCCAGCCTCGCCGCGCAG,28
3378,CGTTTCTGTTCTTGATTGCCCAGTATGTACCGCCAG,46
384,ACTTAGGCCGGCGAGACTTTTCAGCAGGATAGCGGC,71
15362,TCGACGATAAGTCCGGGCCGAAAAGCATGTGCGCAT,64
8038,ACTAGGCTTTACAACGAGCTCATCACGTCCACTTGC,33
23126,GTGATTGCATGAGCTATCGGTACACGTTAAGGGGAC,96
13775,CGGCCGTCGTAGCCGGCTCTTGTCCGACTTTACGAA,97
6248,CCGAGTAAGGGTAACGTGTAACTCATTGAATGGACT,52
7338,AGGGCAGTATGTAGTGTGCCATAAATGAGAGTGACA,26
27556,CGCTCGATCTTCAGCCGCCCTTCTATGTTAGTACCT,63
6267,CAGATAAATTTGGTCAACACTCAACGGTTTGTCCGC,93
8523,TGTCAGCGATGCGGATGTGTGGAAGTACTCATTCTC,25
8861,ATCAACCCCTGACCGCCCCTACCAAACGGACGTAGG,20
26509,TCTAGGGACCGGACTGCAAGGGGATGGATAGTAATT,84
18557,CGACCGTTCTGTGGCACCAGGCGTATGACGGGATCG,53
27196,GCAAATCATTATCGTAATCCAGACAGCGTCTTCTAA,47
11259,ATTTAGCAAGACGCGTCGTGAAAATTCTGTAACCAA,46
18302,CCCCCAATCAAAAGATTTGGAGTCGTTACCACAAGT,30
16277,TTTCAGAACGCAGCCACGACGGAGTGACCTTACACA,49
3608,ACATACCAAATTCACTAGATTCCGAAACCGCTACGT,73
25913,AACAAAGAAACCGACAGGTACGCACTCAAACATAGA,47
29680,GTGTACGTTCTGCACGAAGTGATTACATGTCTGGCC,83
8458,GGCATCACCTGTAAATACAACCTGCGCCGTGGGGGT,37
11259,TGGGGTTTCGCACGCTGACGCCCGCTGCATGCACTG,42
14397,AGTCGTCAGCCCTGCGCGTAAACATGGAATCGGTTT,31
15261,AGGCACATTGAAGGAAATAGCAGCGAGCTTTTCCGG,34
15957,ATTGTACTCGCGTTGCCTGAACTGCAATATCCGAAT,76
7541,CTGTGGCGAAGTACAAGATAGTAATTCGCTAAATCC,27
25772,CAGACCAGATTCGCCACCATCAGGAAACTCAGTCCA,59
1177,CGGCACTTCGTCGGTCTTTGGCGAGATACTATAGTG,35
21448,TGGCGAATCAGCCGAAAAATCGGCCCACCTTTGGCG,58
9853,GTGTAACGGGCCCGGACGCTAGCCCATAGTCTTTTG,43
9039,CGAAATTATATCGTGGTGATGTTCCACACACGATGC,80
25158,GTGAGGGACATCTTTCGGTAACTTCTTCGCGCGCAA,81
10066,TGTGTTGCTTGATTGCCTAACACGTCTGGAGGTTAT,85
12074,ATATGTGCGTACAAATACGCGTTGACCCCCCGTAAG,53
13627,CGCAGAGGATAGCCAGGCCATGTCAAAGGTCGGTCA,50
2764,TCAGCTTCCATTACCCAAGGCGCATTTCTGCATTGG,94
7317,CTTGAAGTAAACTTGGAGACATAGGGTCCACTTTAG,22
14872,ACGACGACAATGATTAGCTGAGTAATAGTCGTTGCA,14
28258,TCAGCATGCATAATGGGACACACTAGCGCTGCCATG,96
17009,TCTATGGAAGTAAGTACAGGACCTACACTCTGTTTG,54
28352,TGTCAAAGCCCTAGGAACGAACACTCACTGGTTGGC,21
10820,TACGCGCCCGCCGTTAAGATCCTTGCCGTTCCACTG,55
6025,GTGGATCAAGAATTTCGACGTCCCGTCAAAGCCCCG,12
6099,ACATTTTAGATATGACTCAATGTGCACAATTTATTG,93
10208,ATTGCCAAGCTTGTCGGCCTCGCAGAGAAATACATA,83
12808,GACCATTAACGACTAACGTTCTGGAACTGAGATTTA,71
1070,TCCAAGCCACCAGAGTAGAATAGCCACGTGGATAAC,93
21503,CAGAGGGCGCGACATCAATCCGGCATATAGAGAAGA,36
16117,ACAGGGCCAGCTCCCACAGGATTCGGAAGGTACGAT,22
11712,GAATAGTAAGCTGTCGGGAAGTTTCCGACAAGCACA,88
19674,TCTGATACAGAAATGTCGCGACCTCCAGGCAACCCA,37
16090,GAAGGAGCTACTAATCAGAGGTTGCGTCCCAAGACG,70
18477,AATAAGCCTCCAGGGAACACACTCGCGATTCGACAC,42
26807,ACTCTAAATGAGGTAAGCTATAGTAGTTAGCAGTCT,36
6139,TAACAGTGCGCCCCTTCTCAGAGGGCTTTGTGGTAA,6
19566,ATAAGTCTGTACACATATAAATACAGTTAATATTGA,65
14601,ACCTTCCCTTGTCGTTTCGGATAGGGGTAGAATCAT,18
29897,AGAGACCCAAAGATCTGAGTAACAGCTTGCAGGCGC,17
1303,ACAGAGAGTAGGGACCCCATAAAAAACGTTATAACT,82
5917,GAGCTTAAAGTCCATGGGGGTTATACGTCGGAATGT,85
6836,CCCGCGGACCCAATTCCATAAAAGGAGTGTATTGAA,85
11643,GCTAGTACTTATCCATGTGGTGAAGTGCTAGTTTTG,61
9036,AATTAATAGATGTCTCAGGCGCCAGCCACTATCCTC,71
25109,AACCGGATCTGATCAGTAGGTCATGGAAATGTATTG,60
16155,TAGAACCTACATGATAGGTATCAGCCCGTACTCGAT,29
16054,GAGTCCTCCGGGTGGGGTATCGTGATGCACTGACGA,14
13577,CACCGTCGGAGGAAGTTAAGTGTGGCTGATATACGC,74
8747,GTATTCGGGGGACTAGCTAGAGGCGAGCAATGACAT,97
5821,GCTCTATCATCCTAGTGGAAGTCATGACCGCGAGCC,76
6634,GGTGTACGGTGTGGCCTCAGGCCGTTTCGAGAGCAG,11
28056,CAGAATTACGCGTACAACGGCTTTCTAAATCGTTAC,85
16948,GTTCTTACCGCTTCCCTTTTGCTCCATGAGCTGTTA,75
19233,TCAAGCTATTAGCCAGTGGCGCAAAGCATCGACAAC,98
5146,GCAGAACGAACGAAGCCATCCAATACTGGACACGGC,94
2060,CGCTGTGCCTAAGGCCGCCCGCGTGAATCGATTAAC,100
21120,CTACCTTAGCTCGAGGAACCCTCCATCAATGCTGAG,30
3547,CACGTCACTGAGCGTTTCCAATTCCTTGCCGTACCA,77
21480,GCCGAGAACTCGAATCCGACCGATACCTCAAGGGAG,4
23588,CGACGTCGGGAGAGGTGTAACATAAGCTCCTTCCAC,55
4910,AAGTTCACACAGCGACTTGGCGTAGCATAAAACGGG,30
28179,ATAGATGGATATAAGCATGTTACGCACACGTTCCCG,28
20597,GAGTCAACACCATGTCTCGGGGGCCATAGTACACTA,72
28246,TACTTCTAGTAGGGCAAGTATCCTTGGGGGTATGTC,22
3018,ATTAATCGATAGTAACCTACCTTGACCAATCGTCTG,3
24783,CTAAAGTATCGTCGGGATCGACTCGTTTACCGGGCG,33
30,GTCCAGATGGAACACCTTCTGTCGTACAGCTTGCAC,32
6042,TGTCGTAATTAGACAATCTATCCTCGAAACACTCCG,27
5118,TATACATGGATACATTATCCATCGGTGCTGGCGAAC,64
12823,CCAGGGCTCTAACAATGGGCCACTCGTTTTACTGCA,63
18907,GCAAATAAGAGCGATTAATGGCATGTGCATAGTGGA,93
23626,TGTTATCCTGTCTAAGCCGAGCGCCACTCGACTTCC,76
19615,GAACATGATACTGTTCAGCAGCGGCCTTTTCGTGAT,47
12318,TCGAAACCATTCGGCTAACATTAGATATGGTGAGGT,80
26989,GTTCAAAGCCGTCCCGGTCATCACCAACTCTAGTCA,15
17325,GGCCGACCAGGCCGTCCACTACGCATTATGTTAGTT,91
29451,ACAACCATTGTGAGGGCTAGGGTGGGCGGCGGATAT,60
22881,TGGTATCAGAATCCCTGTCCACGTAACGGTATGTAG,51
9687,ATCCTAGACTTCATTTTGGCACGGTTAAGATAGTTT,61
9829,TTATCCAAATACTGCAACGTGACACGGATCCCCTAG,4
29704,CAATAAAAGAGGCTAACTCGCTACGTATGACACCCT,83
5641,CATGGGCTCCGAAATAGAGTCCATCAACCGGGGGGA,14
12539,GTCACTAGACTCGGTACGTGACAGAAATGCGCAGTC,55
880,CCCAACTCTGGTGGCGGCTCGGAGAATAGGACAACG,72
14189,TACTCGCCTGACTCGTGGGTAAGGGGAACGAACTGG,8
22158,CGTCAGGTACTTTTGAGGCTTTAGTAGGACTACCGG,68
6127,CTGAAACAAGGCTACGACTATCTTACTAGTGGCATC,36
19806,GCGAACAAAAGCGCCTCAAAAGACTTTCGTCATGGT,68
25803,AGGGCCGACCTAACGTGCACGCGCGAGCCTCTTAAA,92
1924,CCTTGTCAGCCGGTTTCCGATGAACGGACTTGCCTT,94
9902,TAGATGCCTAACCATACAGGGAACCCTCCTTTTCGA,14
25272,TGTAAGACATCTGGAGTGAGGATCTGTGCGAAAATT,3
2833,CATCCGGCCATATGCGATAATTTCTTGCAGGCTCCT,32
27559,AGAAGATGGGAGTATCACTTATTAGATATATTACTA,21
901,AAGCGAAAGCCCTTCTCACCGACCCGGCCGTACGGT,47
5070,CCTAGGGTTAGTTTGTACTATGGTTTCCTATCCCTT,87
946,GATTGCACATAGTGCTGAGAGATGCTCTCACGTCCT,42
24304,AATGAAATAAAAAGCCCCAGCCTCCGCACCTTTTGT,95
10830,TCATCCATTCACGGCCTCGGTCAATTATTCTCTACA,98
6332,GAAAGTTTGGCATGAACGAGGTGTGTTAAAGAATAA,84
28111,TAAAAAATATGACAGATCATCTCCACAAGTCGATCC,43
27902,GACAACCGGGGTTTAATTCTCCACGAGTCTATAGGT,5
12489,AACCGTCCTGCACGGTTACTCTATTCTTCTCCGGCG,61
13992,AAGCACCCGCCCCTGAAAGTCTTTCGGTTGAGCCAA,74
27148,GGATGCCTTCCTCGCGCTATTGACTCCCAGGGATAT,12
22481,CTGCGTTAATTTGGGGGCTAATAGGTATGACAGGCT,97
14019,AAATCTTAGTAACGATACCATTAACCAAAGTAATTC,50
22859,GTGAAAGGGATGTATATTCCCCCGTAGGACGCCATA,3
8159,CTTGGAGGCAGCTAAACGGTAAATAGGACATCTTGT,72
27535,ATACGGTCCGAGCCCTGTCCTAAGAAGGCTGGGGGT,53
6939,ACATCCAGTCCCCTTCAGTTGAGTGCTTTTTTCATC,74
26156,AGGGGCCAAACTCACGTGGAGTCTCCGGTTCAAGCT,83
10550,AGCGCGGCGGATGTGTTCTAGCCGCCGTTTGATAAT,69
10606,GACCGCTTCTGACACCGTCCCAGGACCCCAAATCAT,35
21461,TAGTACTTCTAAAGAGGTTACTAACCGAGCCATCGG,68
10868,GCGCCCAACGCCAGAGGATAGACTTAACCTAATGTC,73
1879,GTTCCACAACCTACACTAATCGTATGCATCTCGATT,27
19762,AGCGGAAGTAAAAGCTGCACCAGTCGTCGCGGGAAT,23
10051,AACCATAGCAAGACCGAAGGTGCAGATACTCGCTGC,54
27758,ACGCGACATCGGAGTGGCTCTCTAGCGCATCGGAAG,57
8250,TCTATGCCGCGTCTGTCCCCGGACTATCATCACGGG,39
7488,GCCGAACTACGCAAGTGGATAGATTTCACGCGGTCA,70
7718,GTATGCGAGCCTGGTGGGTGCTACCGCCATTATAGC,27
21400,TGGTTTCTCCGTTATGCAGTTCTGGTTATGGCAGTT,9
28486,ATGCATTGTCAATAACACCCTATAGGGATTGTCATA,29
25069,CAGGCGCTGAAGTTGTGTGCGTTATTACCCGTGCTC,89
5000,AAGCTACCACGCACGAGGCCCCCTGCGTTGACCAGC,9
13074,AAGGCAATATATGGGTTCAGCGATGTGCTATTAAAC,92
11805,GAGTGATGTCCCACTTTAGTCGCAGAGGTCATGTCA,36
4095,TTCGATTTCGTAGCCGACCAAAGGCACTAATCACAG,23
27134,AAATAAATCCAGCACCCTAGGTATGAGTAACGTGTT,12
6889,TATATGCCGTACTCGGCCACGCCATCTGGCGTGGGT,31
6223,GCCGGCCTACCCGTGAATGGAGGGCATTCCTACTGA,61
29157,CTAAGCCCTTCGAGGGCTTCACCGAAGAACTCCTGG,68
20378,CGATAAATTGTGCGCTTTTGTTATGCTGTACTAAGG,7
16969,CGGTACGTCACGTTCACCCCTCCAATGGGACTGACT,91
22418,GGACTAGTGGTGTAACACGGGGAATTTGGGGCCCTC,90
3366,CGATTCGTTTGACCGAGATGATCCATCCCTTTCATT,43
23967,CCATACCCGTGAAGATCTGAAGCACAAACGAACATA,78
21070,ATACCGGTAGACTTGAGGAGACAGATTTTTACCGTA,4
5268,TTGTCGACTTTAACGTCGCTTACTAGAACCTCCATA,5
15778,CAGGACTCGACTATTAGTTTGGAGATCCATATATTC,48
3675,CCTGTCCACGCGATTGCGACCCCGTGGCCATGTGGC,15
13467,TTTAGCGGCGTCGGTGCGACCCACAGTACTAGTTGA,51
12807,TTAGCTACTCTATAGAGCAGTGTCTCGACGTTGTTG,18
27326,CGGGGACTCGGCAACTTCAATAATGTCCTCGAGGCA,28
20460,CTCTAACCGAGCGCGGTTCGAGTTAATTTCCCTGCC,94
7462,TTAGTTCTGTCAGTTCGGCTTATGCTATCTTATCAT,100
19809,CAGTTGGGCTGCGCGGGAGGATCTGCGGTGCTAGAA,2
19379,CCATGATGATTGCTGAATGAGAGCATGTAGTATTGT,53
5180,CTTTTGAACCTGGCGGGGGCCCGCTCATGTGTAATG,0
25380,TTCCTGTGTTATACAGTGATCAAAGGGCCGAGCCCA,25
743,TTTCACCCTGCTATTTGCTAGCCTGAACCCTATAAT,8
16503,GAAAACGCATAAACACTACCTGGCCACGATGCTCCG,75
7833,CACTAATTAGAAAGGTAAGATATCATTTGTCTACAG,42
1385,CATGTCGCCCGGCAGCCAGGTAAGCAGATTGTTCGG,6
24306,TGTTGGTGTCTTCCAGTGCTTGGATGAGTGTGGGGC,84
2548,AGGGACGTGTAGTTCCTGTGCCGTGCCCTCACCTTC,10
27324,CGGGAGCGCCGTCCAAGGCAGTCTAGCTTTACTTAT,41
9982,CAGCTGGGGGTAGCACCGTTAGCGCGAAAAATAACC,24
9282,GACAATGGAGAATCTTGCATTAGTTAAGTAACGCTT,40
26652,TGCGTAGATCAGTTAATAAAAGAGATATGCGGATGC,93
5214,TCCGTTCTAGGCCTAGTCTGACCAGTGTGATTTATT,86
10548,ATTCCAAGACAAGAGCGGGATTACAGTATCAGGCGG,52
28933,GAGGATACCACCATATGTGCTCCGTTCGCATTAGGG,29
23264,CGTACAATACAATTAATAGCGGGTCTATGTGGGGCA,52
4442,GGATATGTTAATAACAGCTTGCCTTTCATCCATTTC,5
15746,TACAGCACCCTCTGGAGGAAGCATATGAAAAGTGAC,90
18667,ATGTCTTACGGGACATCGTAGCCAATCTCGTTTGGA,20
17788,TCTGACTATCGTAGTAGTTGATTTGCGACGTTTAGA,42
1490,CCTTGGATTGCCAAGACTTCTTCATGCTCGATGGAA,87
9179,GCACGGAGCGTCTGTAAACCTTCGCAGGAACAGCAT,78
29194,TGTATTTCGGAGGTTCTAAAGGTTAGCTCCCTCTCC,2
16954,CTAGCTGACACATTCAAATTGCGCTGGGATCCGGGG,21
17968,GGACCCCAACGGCGTCGCAAGATAATGGGACCATGA,41
25128,TTCACAAAAACTCTCTCGGATAACAGTCTCCAAATG,9
14909,CTACGTTCCCTATTACTAGATTGTGTCGCCTACCGT,51
513,AGCTCCCAATATTAGCCTTTTGGAATCCTATCGTCA,39
5096,GTGCATCCACCGTAGGACAGGTCATTCTTCACTGGG,4
724,TTGGCCGGACATGAAGTGGCTTATCACAACGACGCC,17
14722,TTAACATTGTAAAGGATTAGAGTCTACCCCGGGACT,12
18354,TCGACTAAGACTTTACAATGCTAACTCGCCCGCATA,13
12062,ACAAAGCCAGCACAGGGGCACCCCGTGGTACCTTTC,22
8417,TTACCTGACGAATGGAGTGAAACCGGCGTATTGCAG,6
58,CTGCTTTGTGCTTAACAAACCTATACCGCTACGGAC,19
14658,TGAGGCTAACAGACAAAGACTCACCACATAAATGTA,74
6729,ACCCTTGTACCTAGATAAAAATTAGTCCCTACTACC,39
14084,AAAACGTCAATTACGCTTGGGCACGTAGCTAACAGA,45
22264,TAGTGCCTGACGCCCTAGGGTGTTTATACCAAATAC,43
28174,GGCATATTCCGATTCTTAGAAGGTCTGTCGTGGCGG,18
14667,ACATAGGATTTTAGCATACATGCTATTCCTTTTATG,20
23627,CTGCTAGTGTCGCGGTCGCCTAGATGCACATACGCA,66
9140,TTTCGGCCCTCTCTCCGACCAATTCACCTGTAATTG,18
15227,TAAATATGGCCCCGTTCACTTATAAGGTCTCGTCGG,10
19993,CTTGGCACGCTGTCGGTCCATTTAATTGAATTATAC,56
18420,TATCTCATTAGCTGGGTAAAGACTGGTAGGGAGGGC,12
7830,ACGCTGCCCGTGCAGGGAAGGAATACCGCCTCAACC,21
19566,AGTCACCGAATTACACAAACGAACCGTGACAGTCGT,3
8988,CCATGCTAAATATTACTCTTTCCACGCCAGAACGTC,28
17451,CAGAACAACCTGCTTGGCGCAAAACAGCCGTGGTCA,39
28784,ACCCTCCCACCGGCGCTACCCCCGCTAGTACTAGTG,80
10639,GTGTTAAGACGATCCTATGTTGGACGTGACCTCAGA,92
4972,AACCCGAGCAGGTCTAACAGTTCTGTCCCCGCATAG,52
11507,TAATCCTACCGTGACACTCATAGCACAGACAAGTCC,58
3038,GACATAAACCCATGTATGCGGCCGGACATTCCAATC,46
9404,CATCACGCCTATACGCTGCGCTTCGGCCAGTGAACG,91
10412,TAAAGAACGATCGCGAATCTTGTTAACTCCGAGTGT,3
2268,AAGTGACTTTCAAAGGCTGCCCATCTGACGCACCCG,80
12523,TATTATTCACCTCGATCACATTTTCTCGCCGTCGCG,54
18284,GTGAAGATTGGTGCGAGCGCCCAAATTAAAGGCGTG,27
19737,ACCTTACCCTTGGAGATGACATTCCTGGATTGTGGG,10
26643,AGCAGCACACTGAGCATTTGCGGCCCGAAATGAATT,9
632,CCAGTGGGCTCGTGATAGTTAACGGGATATCGGCAT,53
29357,CCCCATCCAGGCCGAACTTCAATACATACTGAGGTG,78
3847,GCGATCAATTTCTCGTGTTCAACCAATCCGCTTTCG,69
24208,TAAACGACCCGTGACTTTTTAGCCAAAGTGCTTCAC,66
7779,TATCGCGGGGAAATTAGATCAAGGCAATGCGCAGCT,87
2381,AAATGCGGTTCGAACCAGGACGTTCTGCTCGTGCAT,88
14777,CGCGCGGCGGAACCGTAGTTGCCACTAATGTGAGCT,91
13111,TCATCGTTTGCTGTTACAATTGTTAGCACTCCTTTA,58
4173,GCCCGTATGTGTAGAAGAACAGGAAAATGAACCTTC,50
11777,ATGCGTATCTTGTCATAGTACACGAACCGAGGTAGG,56
26502,TGTCTGCAATTGAGTTCTAAGTGAGGTCGAGATACC,29
27263,ATAATGCGCTCCTTCCGTTACTCCGAACGCCTCTCA,44
19525,GTAATAGGAATTCCAGTCTTGAGCCGAGTCCCCTTG,56
19136,GGTTCGAAGCATAAGAAGTCCTACTTGACGCTGCAA,77
5364,TAAAATCGTGTTTGTTAATGGTGGTGTGCCCTGCTA,6
25203,AGCTAACCCAGGACTAAACTGTGAGGGTGGAACCTA,24
16926,TATCAGTTAGGCCCCAGCTGTGCGAATGGTTCAATT,83
25387,ATTCTGTTGATCGCTATACACGGATTAGGGCACGCA,69
21084,GTTCCGCACTGAATTGCAGGCCCGAGTCTAGCAAAC,54
18462,ACAATACACTTGTGGCATGCACACGATAGGAGACCG,70
15623,ATGCAGTTCGATCCACGAGGGCCGGGGAGGGTTTAC,98
14208,AAGTGCACATGTTGACTCGAAAGCGTAAGGACGATC,21
6847,GAAGACTATTGCATGGTTGATTGATCTTTTCCGTCC,45
14790,CATTTCGTGTCGGGAACATGACTTTGAAGTCGATAA,89
14908,ATTTCCTTAGCGTGATGACCTGTCAGTACACTAAGC,65
5776,CGGTGCCACTCCGTTGACCGTTTGGGAAGGGGTCGG,66
14435,GTCAGGGGTGCCGACGAAGGCTATTTAGTGTGTCTA,67
9096,TTGACAACCGCTTCGGGTTACCCCATAACCAGTCGT,65
28853,GCCTCTTTAATCCTAGGTACCTCTGGATAGTCTCCA,88
7484,CAGTCCTGCTCGTACGCCGATCGCATCTTGCTAGTT,24
17875,TCCGTTAATAGGCTCCAAAGTTGTAGTCAATCCCAA,72
22450,GAGCCGGAAAGTCTGTGTTGGGCGTGAACGCTTGCT,30
9129,CACAATCACGACAATTTTATGGCCAAGGCATTTGGC,46
15693,GCAGGCGGGCCACACGGCGTGCCACATTCAAGCTCC,4
6595,AAGACGGCAATCGTGGAGCGTACAGACCTCTACCAT,100
16998,GGCACGGCTTTGCGAATTCAACCTCATCTCATGCTT,64
10608,CGAAGAATCTATCATGTTTTAGGCGTTCGAACGCCA,26
20150,CGCTCCCGGCTAAGATTTAGGTGCCCTGTACAATGG,46
6547,TTGCGCCGTATCTTTCATGTTGTGGCACCTCCCCAA,69
2151,ACAGAACTACAGTCCCCTTTGATTTGGCAAAAGCGT,15
2009,CAGGGGAGAAGGTTCGCAAATCCGTGCCTCCGATGT,52
153,TCACCAGGCAGGCCGGACTGACATTGCCAGCGCCGC,37
5291,CTCGCTATCGGGACTGTTCTGTCGGAACCCTGGATT,64
24880,TACGCTACTGTTTATTAAATCTCGACATAAGTACTT,97
21279,GGACAGGCTCCGAAGACTGGCGCCAGTCGGAGGGAA,68
29074,CAGGTGGGTGGTTGTCTGCTAATATGTTTTAAGTTC,47
4497,ACTATATCTATCAGTTGAAAGAATTGCCAATTCGTA,75
14492,CAGGCAACCTGAGCAAACACGTGAGATATGTGGGCA,0
2971,TACGCGCTACGTTATTGGCGCAGAGTAGTAGTGACA,40
11344,GTTACCATGGCGTGAGGCCCCGTTCCCTTAAATCTG,53
10862,GGAGCTATACTTATCCCTACTCCTCCCCTGCTAAGC,77
29720,TAGTACGGCGAGGTCGGCGCTGCATTCTGTTATTTC,36
22314,TAGGAAGCAGCCGAGCGAGATACATAGTAAACGTTA,55
23490,GACCGGTAACCTCCGAGTGTTATGTTTTATAGGAAG,55
23904,ACGAATTTGTCCTTTCTATAGAATTCTACGGTACTT,42
23490,AACCCATTTTGTCGTCTTCAGCGGTAAGATTCCTAT,83
28221,AATATAGGTATATTCTTAAAAAGACCGTTCTATTGG,49
18341,TTAGGACGATCATACGTCTGCCCCGTAGCCAGCGAA,5
26613,TAGGATTCAGGCTGAGCAGGAGTGTCGACGTAACAA,11
18209,TAGGACCAGTACCATTTCGTGAGTTGTGAACCACTA,0
4959,TCAATGACGTAAGTCCTAGTACAACTCTCAGTCTAT,100
28988,ACTGATGAGATTGAGGGCGGGCGACTAGGACCCAAT,98
22438,CTGAACAGCGTTTGCAACAGCGCCATCCCCACGCGA,1
1931,CGCATTAACGGGTGCATGAACATAGATCGTGGCTCT,68
9698,CCAAAAGTCATACGGTTCGCAAGGTTTAAGTATAGC,52
6618,CGGGGATGTACACACAAGTTATGGGGATCTCATGAG,89
19590,TCGAATGGATAGTTATCCGACCCTGAATCAACGGCT,98
3251,CTTATCGCGATAGATCCAACACAGCTCAGCAGCATG,17
20679,TCCGCTTGAAGGCTCATTAAGGAACGTCTACGTCGA,67
23805,GGTTATAACTGTAAGAACAAGCTTAGTTGCCGTAGC,56
21125,ATTTCGGCATGCATTTAACAGATCACGACTGAGCTG,56
272,ACGGATCGGGCGTTGCCTCGTCGTACGCGTAGGTAA,87
18213,CAACCAGTTGACCATGTTCCTGCGCGCACCGTCGGG,6
22374,GAAGGCTGAAGCGCGATGCGGTAGCTTAGTACATGT,5
26798,TGAGGTGACCAACCGTTATCTAGCGGACTAGACTAC,43
16513,TGTGCACGAAGCCGCTGATAGGGAGAGCAAGCGGCC,28
8256,ATCGAACCGTTGCACAATGTTTGCGATTTGTCTACT,10
2430,CGCGTCGGCCTACAGCGGTAGAGAGGTGGGGTCTGG,88
154,CGGACGGAAGCATCCAGGTTACGCGGTACGGAGCGC,57
14091,GTACCCTGATATTTGACGAGGCATCTGTCACACGCA,19
5764,ATGTTAATAATGAACGTACCGCAAAAGCGAGATCCA,12
26658,GGCGCGGCATAGAATAATATTCAAACAGGCTGCAAG,84
1838,GAAAAACGCAGAAGGGTTATCGCCAAGGCGTGGTTA,18
12039,CAGCGCACTTAGTGAATAGTGACGTATGGAATGCCT,78
2572,TGCCCATGACTGCGGCTGATTATGTGCGTCTAGCTA,4
21502,CTGATTTACGATTCTCCGGTCGGTCCTATAGGCAGA,69
7602,CAAAATAGCAGAGAGCCGGCCTTCGCTCCGAAAAGC,31
25108,CTTCAATGCGTAACTGGGTCAGGTCCAAGCCTGCCG,80
12025,CGAGGATTTCTGTCCAGTCTAGTACGCAAACCTAAA,55
24301,GGGTCCACTGCAACAATATTGGAGAAGGCGTCGTCT,78
16978,TCATTCGAAATTACACCTGGCCAGGCGGACATGATA,48
25909,TAATTTACTAATACTGCGCAAACCGCTCTAAGAAGT,26
20065,GACTGAGGCATATCGTTAGCTGAGGTCGATCAAAAG,30
3021,TTGAGGACGGGCCACCGGCAGGGCCTGATTCCTCTA,3
16101,GCTTTTCTGCGCCTACGCTGGCCGGTTTCCACACTG,85
20742,GTAGTCTCCACAAAGTCCGCAGCAACTCCTATAAAT,5
10029,ACGCAGATATTATCAAGCTCGTACCTCGGGCCTGGG,74
2648,GTTGCATCTGCGAAGTCCGTGCTTTGCAGCCGTCGT,26
25655,TGCGATACTTCAATACTTCTAGATTTGTGCACTAGA,74
6960,GTTCGCCTGTCGCTCAAAGTATTCTTGTCACAGGAT,51
25868,GTCGAGATTCAAGGCGTCAACTAGAAAAATCAGCCA,58
29863,ACCGACATTAAAACGACAGTGTGAAATATAACGCCA,53
22422,CGTATCAATTGATAAAGCAGGCAAGGCCGCCAGAAT,52
7236,TGTAGATCGCAACACCATCGATTTACTCACGCAACA,98
6015,GTTCCAGTCCCAGCGGCTCTAAGACACTTCCCGTCG,98
25103,CCGGGTATCTCGAGAGTTTTTGGAGTTTACAGAAGA,95
10404,TAGGGTAGCGTTATTGTTCCTAGTGTATAAACAAGA,20
23557,TTTTGTATACCGAGAACTCGAGAACCGTACCGGACA,73
27631,CCTGCTAAGAGTACTGCCTCGCGCGATCCATAGCTA,86
8592,GCATTCTTGTAGCGAGGCGAGTGAACGCATCCGGGC,37
15001,TGTTTGTTAGTGCGCTCTACGAAAACACCTATAGTC,24
1331,GATCAAAGTCTTTGGGTTGGCTTAGCGGGTGTCACG,82
18462,AGGCATAGTTAACGCATGGAGTGGTCCAAGCCACTC,15
14470,CCGGGAACATGGACCGGCGCGACTATCATTTCCGAC,65
21218,TATTGTCGAGGATGACCCCGGAACCTAATCAGGGGT,33
21422,GCAACCGTACGGATCAGCTCCGATCAGAAGTTCTGT,74
11015,GCGCCTACAGACCATGTCAGCAACGGGTGATGACTA,72
4588,CCTCCCCATCATACTTGAATGGGTATAGAATTGATT,50
4381,CTCCGTTACGTTCTTGCGTAAGATCCCGTCAGACGG,27
15496,ACGAGTATTTACAGAATTCCGGAACATCTAGCCGCT,8
11305,CGCATCGCGACCGGCGTTGTCGTATTACACTAGCAG,19
21106,ATTTGTAGGGGAGGGGCTGTTAACTTATTAACCCAT,20
29335,GCGTGCACCCCAGCGCAGTACTCAAAGCTAACACTT,23
17513,TACAACTCTCTAGAGACTACTTCATACGCATACTGA,35
1875,CGGTGCAACAAAGCCTGGGAGATACACTTAAGCCGA,23
4470,TCTGATAGGTACCCTACCCGTGCCAGGCGTAGTGCA,51
11599,CTGCAACCCAGGAATAAGCGTAACATGGCTATCTCC,80
21713,AAGTGGTCACGGGTATGATAGTTAGAGGCTTCTTCT,74
6329,CTACAGACGCCCCTGGCATAATATACCAGTAGGGGC,70
875,AGTGCCATAGGACATGTTACTGTTCAAAGTCGCTAA,73
1462,GTAAGGTTTTAAGACCCGCGGCCAAACAAAACTGGA,80
24965,TAGTGTCGCGCTTCCAATGGAACAGGACTTAATTAC,64
111,TAGACCGGAGTGTTGCAGGCCGAATTGCCTTACACT,81
20830,CCTCCGTGCCGCTGAACCGCAAGTGGCATGTTGACA,65
29488,TGGCAGCGGCATACTTCGGCAACAGTGTACTCCTCT,85
28813,TGACACCAGTCCTCTCATTAAACTGCCAGCTAGTCC,92
29735,ACGAGTCGGCGCCGGGTGTAGCCTCACTTTTTATGT,38
17903,CCCCCTCTCTGACCCTGTGGTTTAGAATAAGCTTAG,86
29417,ATTGTAGCTACCGTCAAATGAGTCCAGATGTTACAT,89
24080,ACGCCACTATCAGCGGGGAAAATACGTCATAACACT,50
10213,CAGTTCTTTGTCAACCAGTCAAACCCAGTCGTCTGG,57
14270,CACCATCTCTTGAGTTTTGCCTCTGTGAATTCCTAG,64
1922,AGACAGCCATATAGCTTAGCGCCTTGTGTGTGGAGG,25
18375,CGGTCAAGAGGCGAGCGCCCGCTACTCTAGGCTTAT,68
27898,ATCATGGGTCTGCGAAGTCACTGCTTTATGCTATTC,78
17149,CAGGCCTAAGGGGTGTGCGTGTGGTACTTTCCTTTA,42
20216,CATGAACAGGTATTGCACCAGATCCAGGCGTTCTGC,20
24370,ATAAAACGTGATCCGAACGAAAGTCGAGAAGCTGCT,7
3472,GGATCAACGTCACGATGGTCATCGGACCGGTGGGCT,70
7741,GTCCCGACTTACCGCCACTTTAGACGTACTGAAAAG,58
15979,CTCATATTTGAGCCCCTTGTAAGAGTCTAGCGTAAC,77
24171,GTTTTAGACAACTTAATGACAGTTTTCAGTGGTGGA,41
7300,CCCCAGGCCCGTTCACCTCTAGAGCGCTCCGATGAA,63
21764,AATTTCGCACGGCACCTCCCGGATAGACCCTCTCCC,100
11573,TGTGGCTGGACTTCGTACAAGGGTAACATGTTGTCT,30
22665,CCGTGAGAAGAAAGCAGGCTCCTACCCCGATACAAA,37
6882,CTGTCGAGACAAACCGATGACCCCGTTAAAGGTGTA,37
18190,GCGCTGCGGCGGAGTAAGGGCAAAATCTATCGCCAA,61
2041,CCTCACAGGCGCGCCTGCCATCTGCGCACCTCCCAA,28
10170,GCGCGCTGCCATGTATAATCCGCGAGCGCTAGAGGG,20
23634,CCATCTCCAAGAGTTGGTCCATGTCTTTAATTCCTT,64
20276,CTTGTATGGGTATTGTGAACACTATAGCGAGTATGG,0
17842,CAGACGTTTCGGTGCAGGAGCATTGTATCTCGCTAG,15
22260,ATAGAGTAGAATTGGTGATAATGCCTGTCGGCTGTT,87
3710,CTGGTATAGGACGTTACAGGAAAACTGATTCTGTAC,58
510,GTCTCCATATGCATCACGAAAGGACTCGTATATCTT,72
6823,GACCATGAACTATACCGCTGCCAAGATCCTGCTCCT,23
12095,GGGGCTGTGGCTAACGTCTCTAAACGGGTCGTTACC,89
5104,TAGGGAACTACTACGTCGGAGCATAAGCGCAACGGA,87
8555,ATGGTCACCGTCTCCCCCAGGCCGATCGAGGACCTG,70
21385,GCCGTCCTTGCTAAGTAGACTCAGATACAACGAGCA,94
8131,TGTCCACTCGGACTTAGTGGACAGCTCAACCACTTT,26
20759,CAATCTGGGATGCTATTTGGCTCTTTGTGCCCGACT,53
28798,AGTCGCGAATTGTATTTGAATGGACCCTGCGCTCAC,30
4329,GTCCCACGAGCGAGGTTGATTAGGTCGACGGGGTTT,0
17538,CCCCAATCTGCGCATAGAATGACCCTTCCATATCTA,2
24893,CTATTTTCGCTGAGATTCCAGCCGTTGCACCGAACT,44
21608,TCACCGAACTGTCGTCTAGACTGAAAAGATGCCAGT,56
4364,TACGTGCCGAACATACGATAGCAGGTAGATATAACT,35
13200,GAGGAAGAACCGATGTTTTCACTAGTGCCGATGTGT,20
27298,GCGTCACGATGATCCGGCCGAACAGATCTAAACAGC,7
9908,TCTAACGAGCGTATCGGTCATGATTCGTCGATATGC,81
9738,GAAGGATTGTCACCTAACGGCTTTCCGCACAACGCG,70
19627,TCTTAGTAGGTGATCTGCCCTCCGTGTCTCAAGATC,58
17809,TACGGTCCCCCGTGCAAATTTTGGTTCTCAAAGTTT,2
20154,ATTTTCGGGACCTTACGAGTTTCCCGACAAGCTGGG,69
5977,CGTGTACACAGGATAATCGGATACGCAAACGATGCG,19
20651,TAGCGGGTCTGTTTAGTACTTGGTACGACACCATGG,20
20684,ATGCCCTTATCTAATCCCCTATTGGCGTTCGTGAAT,51
24324,TCACTGGTCTTCCCTTTTGCCAGCACTATCGTTTGC,23
1221,GACCCCTGTCGCTAGACAAGAAGCCCATCAATAGCC,71
19243,GAGCGAGATCACGGTTGCATTTAATCTCCCAACGTG,60
6123,TCTGGTATGCCGAATCGTCACCTTTAGTTCGCGCGG,51
7027,TGTACCACAGACATTAGTGCATTTCTCCGAATCCTC,62
10106,AACTTCCGGCATTCAGTTAGTTGTCACCCAATCCCG,41
17307,ATCGCCCCTCTCTTGCTCTAATAACTTTAATAGGTG,40
13650,TGGCTAGGCCCACGACAGTAAACACTCAGTGTTATT,59
19323,CAATTCGTGACCAGGCTGGCAGACGATTCGGGAGGA,63
24692,GGAAACAACATAGCAAAGGTTATCAGGCATACGTTC,80
20805,TAATCGGGATTACGAGCGTCGAGCCGGCGGATAGCT,43
9575,GGTATTGTCACATTGCGGGACGTCCGTTCCAACTAT,47
28365,TCACAACTAGGCAATTGAAAGGCCTCTGGTCTGTGC,5
8407,AGGAGAGAATAGGCCGGTCTACAGTGATATTTGGGA,42
3059,AGCAAACATGAAACAAAGTTTCGCACGTGCAACTAA,73
28285,GATAGGGTTGACAAAATCTTCTCCCCCTTCGCTCCA,83
9453,TGGTGTGGAGCCCTCCTACTGGTTCCGGTACATCCG,44
16476,CCCTCTAGAATCACTTGCCACCTTAAATTGCGCCAT,90
6594,TTCTTCGTTGTTTCGTCCAAGCGAAAGGTGGATCAC,7
14563,CTAAGACGAGCTACCTAAACTGTGTTGTGAGAAAAA,90
14615,GCAGGCATATCCCGTGGATGATAGTGACGTTCTTTG,8
13825,CAAGTTAATCCCACATCCACTCTAACATGGTTCTGC,94
1350,CTTCGCTCTTCGTGAAGACTAGGGCCGGAGGACCTT,79
21686,GTACTCACTATGCCTAGGCGGGTGGCACTTGTGTTG,94
19307,GACAAAGTGCCCTTAAAGACTGTGGTAACTCCACTT,99
18921,GGCCAGGACGCGTGGCTCATATGCCCAAGGTGTTGA,45
24643,TCACTACTACGTAAATAAAACGGATCAGCGGTGAAA,5
17513,TAGGCTCCGGAAGACGCGTCACCCTGCCGCCCTACT,63
16337,CGAAAAGTATAAAATTGGTACAAGGTGTGAGTTGCA,31
9541,TGAGCCTTATCCTCCCGTACACCATGCATCAGGCGG,5
25709,GACATGAACAGTTGAGGGAAGACTACCAACTAATAG,4
28295,GATAGAAGCACCCAAGCCCAAAAACCAGCCTGCGGA,77
23613,ATCAATGCACAGAAAAGGTACTGATCTCCAGCACGA,58
23932,TGCGTTGCGTCTGAGGACGGTGGGTGAAATAATGCA,51
15178,CGGCTCACTGCCTCCGCTACTGTCTCTTTCCTTCGT,38
7432,GAAAAGCTTGAATGGAGCTGAGGATTTACGGAGGAT,11
9817,GTCTCTAATTACGGTCTATCAGCCCGGTGAGCCGCA,43
28347,GCAGTACGCGGGATTGGGTGGCAATAAGAGGGGGTA,84
17352,AACGACGCATCTGGCAGCCGATGCGGGCGTACCGAG,96
23910,GTGTGCCTCACTCGCCCATAAGCTCGATGAGTGCTG,14
19613,AATGCGGATCTCGCTCTCCAAGGGGACAAAGCGGAT,96
29434,CGACTCACTAGTTGCCAGGTCTGTGCGGGAAATGTG,25
20610,TGTTCCGGGTATACACGGGAGTCGTACGTCCTGCGA,6
22631,TTGCTCCCGCCGGTGGGCAAAACCGTGTATGGTAGC,89
7479,ACGTGGTGTCGTGCGAATATAATGCCACGCTCTGTT,75
17449,GTACCACAAAGTGAAACCGCCATCTGCAATATATCG,10
8822,CTACGACTGACCTAACTCCCGAATCTGCCCACAATG,27
6379,AGGAAACGCCACTGTTGTATTCTTGTTTACAGAAAT,37
6767,GAAAATCGTGATTTCTTGCCGACAGGTGCGCTGCTA,27
23771,ATGGTGAGAACTACACGCACGCCAACTAATATGTAT,42
14089,CGCAGTATGTACACACGAGGTCCACGATTACTTAGT,67
26637,GTATTCCGCGGACGGCTTTGCGATCGATATCGCTCC,25
8107,AAGAGGTGAAATATGTGACATGCCCTAAAAGATCAC,13
13703,CCAACCAGCTTTCTATCTAAAGGAAGGCCAACCAAT,86
18697,TCCAGATCATGCACGATCCTACACACGATACCACTG,23
7978,TAGAGTGAAAATGTTTGAACCAGGAGTACGTTTTGC,57
8738,GTCGTTTACAGCTGGCATTCGCATTTAAGCAGTAAT,38
3025,CTCGAGAAGTTACTGGATTACCACCGAGACGCTTAG,6
21605,AAAAGTGCGATGCCCCTCCCATTAGTGGTTGCCTTC,53
8279,CCGCCGAATTCATATCAGCAAAACGTGTATTTTATC,81
11872,GCTCGTGTCATGTAAGAATCGGGGCGGCTAGTAAAT,94
14280,GGCGCAAGATTGCCCCATGGCTTTAGGCCTCGAGTC,80
22343,TCAAGGACACGTCCATCCCCTAGGTGATAGGGTTCA,7
24456,GGACGCAAGTTTGCTGGAAGCCCGGGACGAGGAGGA,65
2705,CCCTCTCTCATCTTTCAACCGTTACATTTTAGTAGG,75
6275,TAAGGGATGAAGGGCTATAATGAAGGGTGCATGAAG,23
12652,AAATGTCGACGCTCGCAGCAGTTATGGGGAATGTTC,92
20961,ATGTCATAAGTGAACTAAAAGTGAAATTATTCAAGG,16
25158,AAACGTAGCTGAATTGCGATTGTGTCCTGATACTAT,30
7760,GCCCACATACTGCACTTGCAACTCCTGTATCATTTG,46
13731,GGTGCTATAGGTTATCAAATCGAGCACGCACTGAGA,34
25774,GTCGAAGTGGGACACTTGTACAAGGTGGCTTGAGTT,23
10963,GGACATTGGCTCGAAACGGATTCGACACTGATCGTT,58
3779,AGCCAAAGGGGCCTCATGCTTAACGTTAGTCGTGTG,96
24438,GACTCTCCTGGCCGCTTGGGAGTAATGGCTGGCCGG,83
26102,GCTAAGGAGGTAAGAACGAAATAGTGAACATCTATT,47
10194,TATGTCAAGTCAACGGGCAAGCCCATCAAAATTACA,51
654,TCCAAAGATACTGAACCTACGACGCCCTCCATCCGT,54
23297,TCCTCATGACCATCTAGACGGATGCTAAATCGAGTA,50
3516,AGTGTATCTTTGAGGACATCCTCTTCGCGCATACAG,5
9836,TTGATCTTTATTTTAGATCACCGCCCTACTTCGTGC,67
13088,GCCACGGCCAATCATCCGTAAGGCAAACGAAGGATC,23
24657,ACACGGCCCGGGGTCGCGAATGGCGTCTATCCCACG,85
5767,TATTTGTTCAATGAAGATTGGTAGCCGCACCTATCA,9
4501,TGCTTCTTGTCGTTGCCGTTAGCAAGATCGTTATTA,65
24360,AAATCCTATTCGAGACTCCAATCGTTGGGCAGACTC,82
16868,ACGTATTAGGGAAGGTTACAGCACGCTGACGATTGC,39
9980,GTAATAGTGTTGACGACTGACCCCAAGAGCACCCAG,44
894,CCAGAATAGCCCGATGATTACAGCGCCAATAGGGCA,36
8088,TGATGGCCCTCACAGTTTTAACAGCTGGTCGCTACT,26
7809,CCAGGGAACGTGGTAGGCCTAATCGGTTAGGTTGAA,56
29478,GGTCCAAAAGCTCCGGGTGCAAGGACTTAAGTGTGG,18
5126,CGCGTGTGGTGCTGCGGATGAAACCAGAGGAGCGTA,29
17543,AACAGTAGGGTGCTAACAGGGTTCAGTTGGGACCGT,14
20636,TGAGATTGTAACGTTCGGCGCAACTTCATCATTTTT,0
23950,AGTGTAATTCCCAACTTTTTCGATGTGAGGGCTTAG,20
19474,GTACGATGCCCCTCCGTCGTGAAGTCCGAAACTGTT,29
25975,CATGGTCAGGCAAGCTCCTAATTGACTAAGCCGCTA,68
10083,GGAGCCGGTACTGCGTAGACGCTTGAGGGTCACAAC,4
